{
  "GET - Product Detail Page" : {
    "transaction" : "GET - Product Detail Page",
    "sampleCount" : 150,
    "errorCount" : 150,
    "errorPct" : 100.0,
    "meanResTime" : 2643.1000000000017,
    "medianResTime" : 74.0,
    "minResTime" : 32.0,
    "maxResTime" : 44196.0,
    "pct1ResTime" : 9838.600000000017,
    "pct2ResTime" : 25017.249999999956,
    "pct3ResTime" : 42058.59000000004,
    "throughput" : 0.3323952401001618,
    "receivedKBytesPerSec" : 1.2774537693620227,
    "sentKBytesPerSec" : 0.04549010639417644
  },
  "GET - Checkout Step 2 (Overview)" : {
    "transaction" : "GET - Checkout Step 2 (Overview)",
    "sampleCount" : 150,
    "errorCount" : 150,
    "errorPct" : 100.0,
    "meanResTime" : 8978.866666666663,
    "medianResTime" : 2082.5,
    "minResTime" : 94.0,
    "maxResTime" : 40045.0,
    "pct1ResTime" : 30127.9,
    "pct2ResTime" : 40004.45,
    "pct3ResTime" : 40035.31,
    "throughput" : 0.31350124459994105,
    "receivedKBytesPerSec" : 1.1833304497750106,
    "sentKBytesPerSec" : 0.039426455351152745
  },
  "TC_02 - Browse Inventory" : {
    "transaction" : "TC_02 - Browse Inventory",
    "sampleCount" : 450,
    "errorCount" : 450,
    "errorPct" : 100.0,
    "meanResTime" : 19423.864444444444,
    "medianResTime" : 14626.5,
    "minResTime" : 2454.0,
    "maxResTime" : 43939.0,
    "pct1ResTime" : 42945.6,
    "pct2ResTime" : 43426.3,
    "pct3ResTime" : 43805.86,
    "throughput" : 1.551606429857045,
    "receivedKBytesPerSec" : 5.672768062638352,
    "sentKBytesPerSec" : 0.1634607945690327
  },
  "TC_04 - Checkout Process" : {
    "transaction" : "TC_04 - Checkout Process",
    "sampleCount" : 150,
    "errorCount" : 150,
    "errorPct" : 100.0,
    "meanResTime" : 17709.566666666662,
    "medianResTime" : 10838.0,
    "minResTime" : 255.0,
    "maxResTime" : 90381.0,
    "pct1ResTime" : 44879.200000000004,
    "pct2ResTime" : 59918.34999999999,
    "pct3ResTime" : 85779.78000000009,
    "throughput" : 0.3132812451049805,
    "receivedKBytesPerSec" : 3.7881413389222707,
    "sentKBytesPerSec" : 0.20190527536899308
  },
  "GET - View Cart" : {
    "transaction" : "GET - View Cart",
    "sampleCount" : 150,
    "errorCount" : 150,
    "errorPct" : 100.0,
    "meanResTime" : 816.5199999999999,
    "medianResTime" : 73.5,
    "minResTime" : 32.0,
    "maxResTime" : 23170.0,
    "pct1ResTime" : 487.8000000000003,
    "pct2ResTime" : 3940.3999999999332,
    "pct3ResTime" : 22156.120000000017,
    "throughput" : 0.3320501439990791,
    "receivedKBytesPerSec" : 1.2786784099889539,
    "sentKBytesPerSec" : 0.04095285109321976
  },
  "GET - Checkout Complete" : {
    "transaction" : "GET - Checkout Complete",
    "sampleCount" : 150,
    "errorCount" : 150,
    "errorPct" : 100.0,
    "meanResTime" : 807.0200000000002,
    "medianResTime" : 62.0,
    "minResTime" : 27.0,
    "maxResTime" : 20548.0,
    "pct1ResTime" : 399.5,
    "pct2ResTime" : 3195.6499999999983,
    "pct3ResTime" : 20340.940000000002,
    "throughput" : 0.31423417988021396,
    "receivedKBytesPerSec" : 1.2128334613837617,
    "sentKBytesPerSec" : 0.04326857359678727
  },
  "GET - Inventory (Endurance)" : {
    "transaction" : "GET - Inventory (Endurance)",
    "sampleCount" : 4865,
    "errorCount" : 4865,
    "errorPct" : 100.0,
    "meanResTime" : 6422.841109969158,
    "medianResTime" : 485.0,
    "minResTime" : 87.0,
    "maxResTime" : 41202.0,
    "pct1ResTime" : 20156.0,
    "pct2ResTime" : 30131.7,
    "pct3ResTime" : 40006.0,
    "throughput" : 2.6789618073107846,
    "receivedKBytesPerSec" : 10.202259809598228,
    "sentKBytesPerSec" : 0.3255649291685802
  },
  "GET - Cart (Endurance)" : {
    "transaction" : "GET - Cart (Endurance)",
    "sampleCount" : 4820,
    "errorCount" : 4820,
    "errorPct" : 100.0,
    "meanResTime" : 676.190871369294,
    "medianResTime" : 65.0,
    "minResTime" : 22.0,
    "maxResTime" : 41044.0,
    "pct1ResTime" : 384.0,
    "pct2ResTime" : 1084.749999999999,
    "pct3ResTime" : 20166.059999999998,
    "throughput" : 2.7303630533162866,
    "receivedKBytesPerSec" : 10.529626904137915,
    "sentKBytesPerSec" : 0.33966679374372993
  },
  "POST - Login (Stress)" : {
    "transaction" : "POST - Login (Stress)",
    "sampleCount" : 500,
    "errorCount" : 500,
    "errorPct" : 100.0,
    "meanResTime" : 4049.7440000000006,
    "medianResTime" : 81.0,
    "minResTime" : 26.0,
    "maxResTime" : 44216.0,
    "pct1ResTime" : 17241.500000000004,
    "pct2ResTime" : 34418.7,
    "pct3ResTime" : 40006.0,
    "throughput" : 2.581524545135375,
    "receivedKBytesPerSec" : 1.4742622809576424,
    "sentKBytesPerSec" : 0.7593917476404866
  },
  "POST - Login (Endurance)" : {
    "transaction" : "POST - Login (Endurance)",
    "sampleCount" : 4884,
    "errorCount" : 4884,
    "errorPct" : 100.0,
    "meanResTime" : 240.0057330057328,
    "medianResTime" : 60.0,
    "minResTime" : 25.0,
    "maxResTime" : 40009.0,
    "pct1ResTime" : 177.0,
    "pct2ResTime" : 452.5,
    "pct3ResTime" : 3912.749999999991,
    "throughput" : 2.7332633788037777,
    "receivedKBytesPerSec" : 1.2862342602308499,
    "sentKBytesPerSec" : 0.8793185991605457
  },
  "GET - Cart Page" : {
    "transaction" : "GET - Cart Page",
    "sampleCount" : 600,
    "errorCount" : 600,
    "errorPct" : 100.0,
    "meanResTime" : 3060.835000000001,
    "medianResTime" : 96.0,
    "minResTime" : 30.0,
    "maxResTime" : 40013.0,
    "pct1ResTime" : 10738.5,
    "pct2ResTime" : 23192.199999999997,
    "pct3ResTime" : 40005.0,
    "throughput" : 1.9730546503253896,
    "receivedKBytesPerSec" : 7.54025442539716,
    "sentKBytesPerSec" : 0.23799971719550014
  },
  "TC_02 - Browse Product Inventory" : {
    "transaction" : "TC_02 - Browse Product Inventory",
    "sampleCount" : 150,
    "errorCount" : 150,
    "errorPct" : 100.0,
    "meanResTime" : 14089.973333333335,
    "medianResTime" : 10172.0,
    "minResTime" : 146.0,
    "maxResTime" : 84200.0,
    "pct1ResTime" : 44307.3,
    "pct2ResTime" : 55292.8499999999,
    "pct3ResTime" : 82063.61000000004,
    "throughput" : 0.3338199686654323,
    "receivedKBytesPerSec" : 2.522742267755884,
    "sentKBytesPerSec" : 0.08268346815023679
  },
  "GET - Homepage (Stress)" : {
    "transaction" : "GET - Homepage (Stress)",
    "sampleCount" : 500,
    "errorCount" : 110,
    "errorPct" : 22.0,
    "meanResTime" : 15451.920000000007,
    "medianResTime" : 10646.0,
    "minResTime" : 107.0,
    "maxResTime" : 40008.0,
    "pct1ResTime" : 40005.0,
    "pct2ResTime" : 40006.0,
    "pct3ResTime" : 40007.0,
    "throughput" : 3.1356612482440296,
    "receivedKBytesPerSec" : 6.000681859337372,
    "sentKBytesPerSec" : 0.28423054400587
  },
  "GET - Return to Inventory" : {
    "transaction" : "GET - Return to Inventory",
    "sampleCount" : 150,
    "errorCount" : 150,
    "errorPct" : 100.0,
    "meanResTime" : 306.49999999999983,
    "medianResTime" : 72.0,
    "minResTime" : 35.0,
    "maxResTime" : 20900.0,
    "pct1ResTime" : 372.5,
    "pct2ResTime" : 966.3499999999995,
    "pct3ResTime" : 11185.520000000173,
    "throughput" : 0.3328481147482781,
    "receivedKBytesPerSec" : 1.2852184509914435,
    "sentKBytesPerSec" : 0.043231249278829084
  },
  "TC_02 - Browse and Add to Cart" : {
    "transaction" : "TC_02 - Browse and Add to Cart",
    "sampleCount" : 600,
    "errorCount" : 600,
    "errorPct" : 100.0,
    "meanResTime" : 25161.665,
    "medianResTime" : 18524.0,
    "minResTime" : 5207.0,
    "maxResTime" : 87869.0,
    "pct1ResTime" : 55835.09999999998,
    "pct2ResTime" : 69280.89999999995,
    "pct3ResTime" : 87268.29,
    "throughput" : 1.9298685759499778,
    "receivedKBytesPerSec" : 14.494519173244303,
    "sentKBytesPerSec" : 0.4420887902377598
  },
  "POST - Submit Customer Info" : {
    "transaction" : "POST - Submit Customer Info",
    "sampleCount" : 150,
    "errorCount" : 150,
    "errorPct" : 100.0,
    "meanResTime" : 5660.280000000001,
    "medianResTime" : 130.5,
    "minResTime" : 37.0,